Site,Store,Brand,Pattern,Size,Type,Price
www.dexel.co.uk,Attercliffe (Sheffield) Branch,BUDGET,BUDGET ECONOMY,205/55R16 91V,['SUMMER'],47.06
www.dexel.co.uk,Attercliffe (Sheffield) Branch,BUDGET,BUDGET ECONOMY,205/55R16 91H,['SUMMER'],47.06
www.dexel.co.uk,Attercliffe (Sheffield) Branch,BUDGET,BUDGET ECONOMY,205/55R16 91W,['SUMMER'],49.39
www.dexel.co.uk,Attercliffe (Sheffield) Branch,LANDSAIL,LANDSAIL LS388,205/55R16 91V,['SUMMER'],65.79
www.dexel.co.uk,Attercliffe (Sheffield) Branch,BUDGET,XL BUDGET ECONOMY,205/55R16 94Y,"['SUMMER', 'EXTRA LOAD']",66.48
www.dexel.co.uk,Attercliffe (Sheffield) Branch,LANDSAIL,LANDSAIL LS388,205/55ZR16 91W,['SUMMER'],68.07
www.dexel.co.uk,Attercliffe (Sheffield) Branch,BUDGET,BUDGET ECONOMY WINTER,205/55R16 91H,['WINTER'],76.14
www.dexel.co.uk,Attercliffe (Sheffield) Branch,YOKOHAMA,YOKOHAMA BLUEARTH-ES ES32,205/55R16 91V,['SUMMER'],78.54
www.dexel.co.uk,Attercliffe (Sheffield) Branch,YOKOHAMA,YOKOHAMA BLUEARTH-GT AE51,205/55R16 91V,['SUMMER'],78.54
www.dexel.co.uk,Attercliffe (Sheffield) Branch,Dexel - assumed as alt was missing,PREMIUM CHOICE,205/55R16 91V,['SUMMER'],79.50
www.dexel.co.uk,Attercliffe (Sheffield) Branch,Dexel - assumed as alt was missing,PREMIUM CHOICE,205/55R16 91V,['SUMMER'],79.50
www.dexel.co.uk,Attercliffe (Sheffield) Branch,VREDESTEIN,VREDESTEIN ULTRAC+,205/55R16 91H,['SUMMER'],80.20
www.dexel.co.uk,Attercliffe (Sheffield) Branch,VREDESTEIN,VREDESTEIN ULTRAC+,205/55R16 91V,['SUMMER'],81.18
www.dexel.co.uk,Attercliffe (Sheffield) Branch,Dexel - assumed as alt was missing,PREMIUM CHOICE XL,205/55R16 94V,"['SUMMER', 'EXTRA LOAD']",81.39
www.dexel.co.uk,Attercliffe (Sheffield) Branch,Dexel - assumed as alt was missing,PREMIUM CHOICE XL,205/55R16 94V,"['SUMMER', 'EXTRA LOAD']",81.39
www.dexel.co.uk,Attercliffe (Sheffield) Branch,LANDSAIL,XL LANDSAIL LS388,205/55ZR16 94W,"['SUMMER', 'EXTRA LOAD']",82.58
www.dexel.co.uk,Attercliffe (Sheffield) Branch,YOKOHAMA,YOKOHAMA BLUEARTH-ES ES32,205/55R16 91H,['SUMMER'],83.13
www.dexel.co.uk,Attercliffe (Sheffield) Branch,DUNLOP,DUNLOP SP SPORT BLURESPONSE,205/55R16 91H,['SUMMER'],83.64
www.dexel.co.uk,Attercliffe (Sheffield) Branch,DUNLOP,DUNLOP SP SPORT BLURESPONSE,205/55R16 91V,['SUMMER'],85.22
www.dexel.co.uk,Attercliffe (Sheffield) Branch,DUNLOP,DUNLOP SP SPORT BLURESPONSE VW,205/55R16 91V,['SUMMER'],85.22
www.dexel.co.uk,Attercliffe (Sheffield) Branch,YOKOHAMA,YOKOHAMA BLUEARTH-A AE50,205/55R16 91V,['SUMMER'],85.41
www.dexel.co.uk,Attercliffe (Sheffield) Branch,Dexel - assumed as alt was missing,PREMIUM CHOICE,205/55R16 91V,['ALL SEASON'],85.84
www.dexel.co.uk,Attercliffe (Sheffield) Branch,UNIROYAL,UNIROYAL RAINSPORT 5,205/55R16 91H,['SUMMER'],85.86
www.dexel.co.uk,Attercliffe (Sheffield) Branch,UNIROYAL,UNIROYAL RAINSPORT 5,205/55R16 91V,['SUMMER'],86.70
www.dexel.co.uk,Attercliffe (Sheffield) Branch,VREDESTEIN,XL VREDESTEIN ULTRAC+,205/55R16 94W,"['SUMMER', 'EXTRA LOAD']",87.06
www.dexel.co.uk,Attercliffe (Sheffield) Branch,YOKOHAMA,YOKOHAMA ADVAN DB DECIBEL V552,205/55R16 91W,['SUMMER'],87.78
www.dexel.co.uk,Attercliffe (Sheffield) Branch,YOKOHAMA,YOKOHAMA BLUEARTH-GT AE51,205/55R16 91W,['SUMMER'],87.78
www.dexel.co.uk,Attercliffe (Sheffield) Branch,DUNLOP,XL DUNLOP SP SPORT BLURESPONSE,205/55R16 94V,"['SUMMER', 'EXTRA LOAD']",88.39
www.dexel.co.uk,Attercliffe (Sheffield) Branch,YOKOHAMA,YOKOHAMA C.DRIVE2 AC02A MO,205/55R16 91H,['SUMMER'],89.96
www.dexel.co.uk,Attercliffe (Sheffield) Branch,DUNLOP,DUNLOP MFS SPORT MAXX RT,205/55R16 91Y,['SUMMER'],89.98
www.dexel.co.uk,Attercliffe (Sheffield) Branch,DUNLOP,DUNLOP SP SPORT BLURESPONSE,205/55R16 91W,['SUMMER'],89.98
www.dexel.co.uk,Attercliffe (Sheffield) Branch,UNIROYAL,UNIROYAL RAINSPORT 5,205/55R16 91W,['SUMMER'],90.52
www.dexel.co.uk,Attercliffe (Sheffield) Branch,YOKOHAMA,YOKOHAMA C.DRIVE2 AC02A MO,205/55R16 91V,['SUMMER'],90.62
www.dexel.co.uk,Attercliffe (Sheffield) Branch,YOKOHAMA,YOKOHAMA ADVAN SPORT V105 MO,205/55R16 91V,['SUMMER'],90.62
www.dexel.co.uk,Attercliffe (Sheffield) Branch,YOKOHAMA,YOKOHAMA ADVAN SPORT V103S MO,205/55R16 91V,['SUMMER'],90.62
www.dexel.co.uk,Attercliffe (Sheffield) Branch,YOKOHAMA,YOKOHAMA DB DECIBEL E70J RHD,205/55R16 91V,['SUMMER'],90.62
www.dexel.co.uk,Attercliffe (Sheffield) Branch,YOKOHAMA,YOKOHAMA DB DECIBEL E70JC,205/55R16 91V,['SUMMER'],90.62
www.dexel.co.uk,Attercliffe (Sheffield) Branch,VREDESTEIN,VREDESTEIN QUATRAC,205/55R16 91H,['ALL SEASON'],91.96
www.dexel.co.uk,Attercliffe (Sheffield) Branch,UNIROYAL,XL UNIROYAL RAINSPORT 5,205/55R16 94V,"['SUMMER', 'EXTRA LOAD']",92.02
www.dexel.co.uk,Attercliffe (Sheffield) Branch,YOKOHAMA,YOKOHAMA ADVAN SPORT V105 MO,205/55R16 91W,['SUMMER'],92.29
www.dexel.co.uk,Attercliffe (Sheffield) Branch,YOKOHAMA,YOKOHAMA ADVAN FLEVA V701,205/55R16 91W,['SUMMER'],92.29
www.dexel.co.uk,Attercliffe (Sheffield) Branch,DUNLOP,DUNLOP ALL SEASON 2,205/55R16 91V,['ALL SEASON'],92.53
www.dexel.co.uk,Attercliffe (Sheffield) Branch,DUNLOP,DUNLOP SPORT ALL SEASON,205/55R16 91V,['ALL SEASON'],92.53
www.dexel.co.uk,Attercliffe (Sheffield) Branch,GOODYEAR,GOODYEAR EFFICIENTGRIP PERFORMANCE,205/55R16 91H,['SUMMER'],92.84
www.dexel.co.uk,Attercliffe (Sheffield) Branch,GOODYEAR,GOODYEAR EFFICIENTGRIP PERFORMANCE VW,205/55R16 91H,['SUMMER'],92.84
www.dexel.co.uk,Attercliffe (Sheffield) Branch,VREDESTEIN,VREDESTEIN QUATRAC,205/55R16 91V,['ALL SEASON'],93.26
www.dexel.co.uk,Attercliffe (Sheffield) Branch,GOODYEAR,GOODYEAR EFFICIENTGRIP PERFORMANCE,205/55R16 91V,['SUMMER'],93.38
www.dexel.co.uk,Attercliffe (Sheffield) Branch,GOODYEAR,GOODYEAR EFFICIENTGRIP PERFORMANCE,205/55R16 91V,['SUMMER'],93.38
www.dexel.co.uk,Attercliffe (Sheffield) Branch,GOODYEAR,GOODYEAR EFFICIENTGRIP PERFORMANCE 2,205/55R16 91V,['SUMMER'],93.38
www.dexel.co.uk,Attercliffe (Sheffield) Branch,PIRELLI,PIRELLI CINTURATO P7,205/55R16 91V,['SUMMER'],93.42
www.dexel.co.uk,Attercliffe (Sheffield) Branch,YOKOHAMA,YOKOHAMA BLUEARTH-4S AW21,205/55R16 91V,['ALL SEASON'],93.60
www.dexel.co.uk,Attercliffe (Sheffield) Branch,UNIROYAL,UNIROYAL ALLSEASON EXPERT 2,205/55R16 91H,['ALL SEASON'],93.86
www.dexel.co.uk,Attercliffe (Sheffield) Branch,UNIROYAL,UNIROYAL ALLSEASON EXPERT 3,205/55R16 91H,['ALL SEASON'],93.86
www.dexel.co.uk,Attercliffe (Sheffield) Branch,DUNLOP,XL DUNLOP ALL SEASON 2,205/55R16 94V,"['ALL SEASON', 'EXTRA LOAD']",94.11
www.dexel.co.uk,Attercliffe (Sheffield) Branch,Dexel - assumed as alt was missing,PREMIUM CHOICE XL,205/55R16 94W,"['SUMMER', 'EXTRA LOAD']",94.52
www.dexel.co.uk,Attercliffe (Sheffield) Branch,Dexel - assumed as alt was missing,PREMIUM CHOICE XL,205/55R16 94W,"['SUMMER', 'EXTRA LOAD']",94.52
www.dexel.co.uk,Attercliffe (Sheffield) Branch,BRIDGESTONE,BRIDGESTONE TURANZA 6 ENLITEN,205/55R16 91H,['SUMMER'],95.25
www.dexel.co.uk,Attercliffe (Sheffield) Branch,YOKOHAMA,XL YOKOHAMA BLUEARTH-GT AE51,205/55R16 94V,"['SUMMER', 'EXTRA LOAD']",95.35
www.dexel.co.uk,Attercliffe (Sheffield) Branch,GOODYEAR,GOODYEAR EFFICIENTGRIP PERFORMANCE,205/55R16 91W,['SUMMER'],95.49
www.dexel.co.uk,Attercliffe (Sheffield) Branch,GOODYEAR,GOODYEAR FP EFFICIENTGRIP PERFORMANCE 2,205/55R16 91Y,['SUMMER'],95.49
www.dexel.co.uk,Attercliffe (Sheffield) Branch,BRIDGESTONE,BRIDGESTONE TURANZA T005,205/55R16 91V,['SUMMER'],95.85
www.dexel.co.uk,Attercliffe (Sheffield) Branch,BRIDGESTONE,BRIDGESTONE ECOPIA EP150 LHD,205/55R16 91V,['SUMMER'],95.85
www.dexel.co.uk,Attercliffe (Sheffield) Branch,BRIDGESTONE,BRIDGESTONE TURANZA 6 ENLITEN,205/55R16 91V,['SUMMER'],95.85
www.dexel.co.uk,Attercliffe (Sheffield) Branch,VREDESTEIN,XL VREDESTEIN QUATRAC,205/55R16 94V,"['ALL SEASON', 'EXTRA LOAD']",95.88
www.dexel.co.uk,Attercliffe (Sheffield) Branch,UNIROYAL,XL UNIROYAL RAINSPORT 3,205/55R16 94Y,"['SUMMER', 'EXTRA LOAD']",95.92
www.dexel.co.uk,Attercliffe (Sheffield) Branch,UNIROYAL,XL UNIROYAL ALLSEASON EXPERT 2,205/55R16 94V,"['ALL SEASON', 'EXTRA LOAD']",96.12
www.dexel.co.uk,Attercliffe (Sheffield) Branch,UNIROYAL,XL UNIROYAL ALLSEASON EXPERT 3,205/55R16 94V,"['ALL SEASON', 'EXTRA LOAD']",96.12
www.dexel.co.uk,Attercliffe (Sheffield) Branch,GOODYEAR,GOODYEAR EFFICIENTGRIP PERFORMANCE AO,205/55R16 91V,['SUMMER'],97.08
www.dexel.co.uk,Attercliffe (Sheffield) Branch,HANKOOK,HANKOOK VENTUS PRIME 4 K135,205/55R16 91H,['SUMMER'],97.47
www.dexel.co.uk,Attercliffe (Sheffield) Branch,HANKOOK,HANKOOK KINERGY ECO2 K435,205/55R16 91H,['SUMMER'],97.48
www.dexel.co.uk,Attercliffe (Sheffield) Branch,HANKOOK,HANKOOK KINERGY ECO2 K435,205/55R16 91H,['SUMMER'],97.48
www.dexel.co.uk,Attercliffe (Sheffield) Branch,HANKOOK,HANKOOK VENTUS PRIME 4 K135,205/55R16 91V,['SUMMER'],97.92
www.dexel.co.uk,Attercliffe (Sheffield) Branch,HANKOOK,XL HANKOOK VENTUS PRIME 3 K125,205/55R16 94H,"['SUMMER', 'EXTRA LOAD']",98.60
www.dexel.co.uk,Attercliffe (Sheffield) Branch,Dexel - assumed as alt was missing,PREMIUM CHOICE XL,205/55R16 94H,"['WINTER', 'EXTRA LOAD']",98.91
www.dexel.co.uk,Attercliffe (Sheffield) Branch,BRIDGESTONE,BRIDGESTONE TURANZA 6 ENLITEN,205/55R16 91W,['SUMMER'],98.98
www.dexel.co.uk,Attercliffe (Sheffield) Branch,HANKOOK,HANKOOK VENTUS PRIME 4 K135,205/55R16 91W,['SUMMER'],99.06
www.dexel.co.uk,Attercliffe (Sheffield) Branch,BRIDGESTONE,BRIDGESTONE TURANZA ER300 LZ *,205/55R16 91V,['SUMMER'],99.60
www.dexel.co.uk,Attercliffe (Sheffield) Branch,BRIDGESTONE,BRIDGESTONE TURANZA T005 AO,205/55R16 91V,['SUMMER'],99.60
www.dexel.co.uk,Attercliffe (Sheffield) Branch,GOODYEAR,GOODYEAR VECTOR 4SEASONS GEN3,205/55R16 91V,['ALL SEASON'],99.62
www.dexel.co.uk,Attercliffe (Sheffield) Branch,GOODYEAR,XL GOODYEAR VECTOR 4SEASONS GEN2,205/55R16 94H,"['ALL SEASON', 'EXTRA LOAD']",99.62
www.dexel.co.uk,Attercliffe (Sheffield) Branch,Dexel - assumed as alt was missing,PREMIUM CHOICE,205/55R16 91H,['WINTER'],100.05
www.dexel.co.uk,Attercliffe (Sheffield) Branch,BRIDGESTONE,BRIDGESTONE TURANZA ER300 RZ *,205/55R16 91H,['SUMMER'],100.18
www.dexel.co.uk,Attercliffe (Sheffield) Branch,HANKOOK,XL HANKOOK VENTUS PRIME 4 K135,205/55R16 94V,"['SUMMER', 'EXTRA LOAD']",100.24
www.dexel.co.uk,Attercliffe (Sheffield) Branch,GOODYEAR,GOODYEAR EFFICIENTGRIP PERFORMANCE AO,205/55R16 91W,['SUMMER'],100.26
www.dexel.co.uk,Attercliffe (Sheffield) Branch,GOODYEAR,XL GOODYEAR EFFICIENTGRIP PERFORMANCE 2 OE1,205/55R16 94V,"['SUMMER', 'EXTRA LOAD']",100.26
www.dexel.co.uk,Attercliffe (Sheffield) Branch,VREDESTEIN,VREDESTEIN WINTRAC,205/55R16 91H,['WINTER'],100.87
www.dexel.co.uk,Attercliffe (Sheffield) Branch,Dexel - assumed as alt was missing,PREMIUM CHOICE,205/55R16 91T,['WINTER'],101.19
www.dexel.co.uk,Attercliffe (Sheffield) Branch,VREDESTEIN,VREDESTEIN WINTRAC,205/55R16 91T,['WINTER'],101.20
www.dexel.co.uk,Attercliffe (Sheffield) Branch,GOODYEAR,XL GOODYEAR VECTOR 4SEASONS GEN2 VW,205/55R16 94V,"['ALL SEASON', 'EXTRA LOAD']",101.22
www.dexel.co.uk,Attercliffe (Sheffield) Branch,GOODYEAR,XL GOODYEAR VECTOR 4SEASONS GEN3 PE,205/55R16 94V,"['ALL SEASON', 'EXTRA LOAD']",101.22
www.dexel.co.uk,Attercliffe (Sheffield) Branch,GOODYEAR,XL GOODYEAR VECTOR 4SEASONS GEN3,205/55R16 94V,"['ALL SEASON', 'EXTRA LOAD']",101.22
www.dexel.co.uk,Attercliffe (Sheffield) Branch,BRIDGESTONE,BRIDGESTONE TURANZA T005 *,205/55R16 91W,['SUMMER'],101.46
www.dexel.co.uk,Attercliffe (Sheffield) Branch,YOKOHAMA,YOKOHAMA BLUEARTH WINTER V906 SUV,205/55R16 91H,['WINTER'],101.50
www.dexel.co.uk,Attercliffe (Sheffield) Branch,YOKOHAMA,YOKOHAMA ADVAN SPORT V103S ZPS,205/55RF16 91W,"['SUMMER', 'RUN FLAT']",102.08
www.dexel.co.uk,Attercliffe (Sheffield) Branch,HANKOOK,XL HANKOOK IH61 ION ST AS,205/55R16 94V,"['SUMMER', 'EXTRA LOAD']",102.70
www.dexel.co.uk,Attercliffe (Sheffield) Branch,HANKOOK,HANKOOK WINTER I*CEPT RS3 W462,205/55R16 91H,['WINTER'],104.12
www.dexel.co.uk,Attercliffe (Sheffield) Branch,CONTINENTAL,CONTINENTAL CONTI ECOCONTACT 6,205/55R16 91H,['SUMMER'],104.23
www.dexel.co.uk,Attercliffe (Sheffield) Branch,CONTINENTAL,CONTINENTAL CONTIECOCONTACT 5 MO,205/55R16 91H,['SUMMER'],104.23
www.dexel.co.uk,Attercliffe (Sheffield) Branch,CONTINENTAL,CONTINENTAL CONTIECOCONTACT 5,205/55R16 91H,['SUMMER'],104.23
www.dexel.co.uk,Attercliffe (Sheffield) Branch,CONTINENTAL,CONTINENTAL FR ULTRACONTACT,205/55R16 91H,['SUMMER'],104.23
www.dexel.co.uk,Attercliffe (Sheffield) Branch,CONTINENTAL,CONTINENTAL CONTIPREMIUMCONTACT 7,205/55R16 91H,['SUMMER'],104.23
www.dexel.co.uk,Attercliffe (Sheffield) Branch,CONTINENTAL,CONTINENTAL CONTIECOCONTACT 5,205/55R16 91H,['SUMMER'],104.23
www.dexel.co.uk,Attercliffe (Sheffield) Branch,CONTINENTAL,CONTINENTAL CONTIECOCONTACT 5 MO,205/55R16 91V,['SUMMER'],104.71
www.dexel.co.uk,Attercliffe (Sheffield) Branch,CONTINENTAL,CONTINENTAL CONTIPREMIUMCONTACT 2 *,205/55R16 91V,['SUMMER'],104.71
www.dexel.co.uk,Attercliffe (Sheffield) Branch,CONTINENTAL,CONTINENTAL FR ULTRACONTACT,205/55R16 91V,['SUMMER'],104.71
www.dexel.co.uk,Attercliffe (Sheffield) Branch,CONTINENTAL,CONTINENTAL CONTI ECOCONTACT 6,205/55R16 91V,['SUMMER'],104.71
www.dexel.co.uk,Attercliffe (Sheffield) Branch,CONTINENTAL,CONTINENTAL CONTIPREMIUMCONTACT 7,205/55R16 91V,['SUMMER'],104.71
www.dexel.co.uk,Attercliffe (Sheffield) Branch,GOODYEAR,XL GOODYEAR VECTOR 4SEASONS AO,205/55R16 94V,"['ALL SEASON', 'EXTRA LOAD']",105.45
www.dexel.co.uk,Attercliffe (Sheffield) Branch,CONTINENTAL,CONTINENTAL CONTIECOCONTACT 5 AO,205/55R16 91W,['SUMMER'],105.80
www.dexel.co.uk,Attercliffe (Sheffield) Branch,CONTINENTAL,CONTINENTAL CONTIPREMIUMCONTACT 5 AO,205/55R16 91W,['SUMMER'],105.80
www.dexel.co.uk,Attercliffe (Sheffield) Branch,CONTINENTAL,CONTINENTAL FR ULTRACONTACT,205/55R16 91W,['SUMMER'],105.80
www.dexel.co.uk,Attercliffe (Sheffield) Branch,CONTINENTAL,CONTINENTAL CONTI ECOCONTACT 6 *,205/55R16 91W,['SUMMER'],105.80
www.dexel.co.uk,Attercliffe (Sheffield) Branch,CONTINENTAL,CONTINENTAL CONTI ECOCONTACT 6 *,205/55R16 91W,['SUMMER'],105.80
www.dexel.co.uk,Attercliffe (Sheffield) Branch,DUNLOP,DUNLOP SP WINTER SPORT5,205/55R16 91T,['WINTER'],106.04
www.dexel.co.uk,Attercliffe (Sheffield) Branch,HANKOOK,XL HANKOOK KINERGY 4S 2 H750,205/55R16 94H,"['ALL SEASON', 'EXTRA LOAD']",106.45
www.dexel.co.uk,Attercliffe (Sheffield) Branch,DUNLOP,DUNLOP SP WINTER SPORT5,205/55R16 91H,['WINTER'],106.58
www.dexel.co.uk,Attercliffe (Sheffield) Branch,GOODYEAR,XL GOODYEAR EFFICIENTGRIP PERFORMANCE 2,205/55R16 94W,"['SUMMER', 'EXTRA LOAD']",107.14
www.dexel.co.uk,Attercliffe (Sheffield) Branch,UNIROYAL,UNIROYAL RAINSPORT 3 SSR,205/55RF16 91W,"['SUMMER', 'RUN FLAT']",107.38
www.dexel.co.uk,Attercliffe (Sheffield) Branch,DUNLOP,DUNLOP SP SPORT MAXX TT *,205/55R16 91W,['SUMMER'],107.46
www.dexel.co.uk,Attercliffe (Sheffield) Branch,YOKOHAMA,XL YOKOHAMA BLUEARTH WINTER V906 SUV,205/55R16 94H,"['WINTER', 'EXTRA LOAD']",107.58
www.dexel.co.uk,Attercliffe (Sheffield) Branch,DUNLOP,DUNLOP SP WINTER SPORT 4D MO,205/55R16 91H,['WINTER'],107.64
www.dexel.co.uk,Attercliffe (Sheffield) Branch,HANKOOK,XL HANKOOK KINERGY 4S 2 H750,205/55R16 94V,"['ALL SEASON', 'EXTRA LOAD']",107.78
www.dexel.co.uk,Attercliffe (Sheffield) Branch,GOODYEAR,GOODYEAR ULTRAGRIP PERFORMANCE 3,205/55R16 91T,['WINTER'],107.85
www.dexel.co.uk,Attercliffe (Sheffield) Branch,YOKOHAMA,XL YOKOHAMA BLUEARTH-4S AW21,205/55R16 94V,"['ALL SEASON', 'EXTRA LOAD']",107.92
www.dexel.co.uk,Attercliffe (Sheffield) Branch,CONTINENTAL,CONTINENTAL ALLSEASONCONTACT 2,205/55R16 91H,['ALL SEASON'],108.22
www.dexel.co.uk,Attercliffe (Sheffield) Branch,GOODYEAR,GOODYEAR ULTRAGRIP PERFORMANCE 3,205/55R16 91H,['WINTER'],108.38
www.dexel.co.uk,Attercliffe (Sheffield) Branch,VREDESTEIN,XL VREDESTEIN WINTRAC,205/55R16 94H,"['WINTER', 'EXTRA LOAD']",108.52
www.dexel.co.uk,Attercliffe (Sheffield) Branch,LANDSAIL,LANDSAIL LS388@RSC ROF,205/55ZRF16 91W,"['SUMMER', 'RUN FLAT']",108.79
www.dexel.co.uk,Attercliffe (Sheffield) Branch,CONTINENTAL,CONTINENTAL ALLSEASONCONTACT 2,205/55R16 91V,['ALL SEASON'],108.85
www.dexel.co.uk,Attercliffe (Sheffield) Branch,CONTINENTAL,XL CONTINENTAL ALLSEASONCONTACT 2,205/55R16 94H,"['ALL SEASON', 'EXTRA LOAD']",109.11
www.dexel.co.uk,Attercliffe (Sheffield) Branch,BRIDGESTONE,XL BRIDGESTONE TURANZA 6 ENLITEN,205/55R16 94V,"['SUMMER', 'EXTRA LOAD']",110.22
www.dexel.co.uk,Attercliffe (Sheffield) Branch,HANKOOK,XL HANKOOK VENTUS PRIME 4 K135,205/55R16 94W,"['SUMMER', 'EXTRA LOAD']",110.92
www.dexel.co.uk,Attercliffe (Sheffield) Branch,CONTINENTAL,XL CONTINENTAL ALLSEASONCONTACT 2,205/55R16 94V,"['ALL SEASON', 'EXTRA LOAD']",110.95
www.dexel.co.uk,Attercliffe (Sheffield) Branch,PIRELLI,PIRELLI CINTURATO P7 AO,205/55R16 91W,['SUMMER'],111.14
www.dexel.co.uk,Attercliffe (Sheffield) Branch,PIRELLI,XL PIRELLI CINTURATO (C3),205/55R16 94V,"['SUMMER', 'EXTRA LOAD']",111.14
www.dexel.co.uk,Attercliffe (Sheffield) Branch,CONTINENTAL,XL CONTINENTAL CONTIECOCONTACT 5,205/55R16 94H,"['SUMMER', 'EXTRA LOAD']",113.00
www.dexel.co.uk,Attercliffe (Sheffield) Branch,GOODYEAR,GOODYEAR ULTRAGRIP PERFORMANCE GEN-1 AO,205/55R16 91H,['WINTER'],113.14
www.dexel.co.uk,Attercliffe (Sheffield) Branch,BRIDGESTONE,BRIDGESTONE TURANZA T001 EXT MOE,205/55RF16 91V,"['SUMMER', 'RUN FLAT']",113.36
www.dexel.co.uk,Attercliffe (Sheffield) Branch,BRIDGESTONE,XL BRIDGESTONE TURANZA T005 AO,205/55R16 94V,"['SUMMER', 'EXTRA LOAD']",113.96
www.dexel.co.uk,Attercliffe (Sheffield) Branch,CONTINENTAL,XL CONTINENTAL FR ULTRACONTACT,205/55R16 94V,"['SUMMER', 'EXTRA LOAD']",114.13
www.dexel.co.uk,Attercliffe (Sheffield) Branch,CONTINENTAL,XL CONTINENTAL CONTI ECOCONTACT 6,205/55R16 94V,"['SUMMER', 'EXTRA LOAD']",114.13
www.dexel.co.uk,Attercliffe (Sheffield) Branch,MICHELIN,MICHELIN E PRIMACY,205/55R16 91V,['SUMMER'],114.49
www.dexel.co.uk,Attercliffe (Sheffield) Branch,MICHELIN,MICHELIN ENERGY SAVER +,205/55R16 91H,['SUMMER'],114.60
www.dexel.co.uk,Attercliffe (Sheffield) Branch,MICHELIN,MICHELIN PRIMACY 4 S2,205/55R16 91H,['SUMMER'],114.60
www.dexel.co.uk,Attercliffe (Sheffield) Branch,PIRELLI,XL PIRELLI CINTURATO ALL SEASON SF3,205/55R16 94V,"['ALL SEASON', 'EXTRA LOAD']",114.74
www.dexel.co.uk,Attercliffe (Sheffield) Branch,HANKOOK,XL HANKOOK WINTER I*CEPT RS3 W462,205/55R16 94H,"['WINTER', 'EXTRA LOAD']",114.88
www.dexel.co.uk,Attercliffe (Sheffield) Branch,MICHELIN,MICHELIN E PRIMACY,205/55R16 91W,['SUMMER'],114.98
www.dexel.co.uk,Attercliffe (Sheffield) Branch,MICHELIN,MICHELIN PRIMACY 5,205/55R16 91V,['SUMMER'],115.88
www.dexel.co.uk,Attercliffe (Sheffield) Branch,MICHELIN,MICHELIN PRIMACY 5,205/55R16 91H,['SUMMER'],116.00
www.dexel.co.uk,Attercliffe (Sheffield) Branch,MICHELIN,MICHELIN PRIMACY 5,205/55R16 91W,['SUMMER'],116.38
www.dexel.co.uk,Attercliffe (Sheffield) Branch,MICHELIN,XL MICHELIN PILOT SPORT 4,205/55ZR16 (94Y),"['SUMMER', 'EXTRA LOAD']",116.88
www.dexel.co.uk,Attercliffe (Sheffield) Branch,DUNLOP,DUNLOP SP WINTER SPORT 3D DSST MOE,205/55RF16 91H,"['WINTER', 'RUN FLAT']",117.18
www.dexel.co.uk,Attercliffe (Sheffield) Branch,VREDESTEIN,XL VREDESTEIN WINTRAC,205/55R16 94V,"['WINTER', 'EXTRA LOAD']",117.19
www.dexel.co.uk,Attercliffe (Sheffield) Branch,MICHELIN,MICHELIN PRIMACY 4 *,205/55R16 91W,['SUMMER'],117.33
www.dexel.co.uk,Attercliffe (Sheffield) Branch,GOODYEAR,XL GOODYEAR ULTRAGRIP PERFORMANCE 3,205/55R16 94H,"['WINTER', 'EXTRA LOAD']",117.38
www.dexel.co.uk,Attercliffe (Sheffield) Branch,BRIDGESTONE,BRIDGESTONE BLIZZAK 6 ENLITEN,205/55R16 91H,['WINTER'],117.91
www.dexel.co.uk,Attercliffe (Sheffield) Branch,MICHELIN,MICHELIN CROSSCLIMATE 3,205/55R16 91H,['ALL SEASON'],117.92
www.dexel.co.uk,Attercliffe (Sheffield) Branch,Dexel - assumed as alt was missing,PREMIUM CHOICE RFT,205/55R16 91V,"['SUMMER', 'RUN FLAT']",118.27
www.dexel.co.uk,Attercliffe (Sheffield) Branch,MICHELIN,MICHELIN CROSSCLIMATE 3,205/55R16 91V,['ALL SEASON'],118.53
www.dexel.co.uk,Attercliffe (Sheffield) Branch,CONTINENTAL,XL CONTINENTAL ALLSEASONCONTACT 2 SSR,205/55RF16 94V,"['ALL SEASON', 'EXTRA LOAD', 'RUN FLAT']",119.14
www.dexel.co.uk,Attercliffe (Sheffield) Branch,MICHELIN,MICHELIN CROSSCLIMATE 3,205/55R16 91W,['ALL SEASON'],119.55
www.dexel.co.uk,Attercliffe (Sheffield) Branch,DUNLOP,XL DUNLOP SP WINTER SPORT5,205/55R16 94H,"['WINTER', 'EXTRA LOAD']",119.82
www.dexel.co.uk,Attercliffe (Sheffield) Branch,HANKOOK,XL HANKOOK WINTER I*CEPT RS3 W462,205/55R16 94V,"['WINTER', 'EXTRA LOAD']",119.89
www.dexel.co.uk,Attercliffe (Sheffield) Branch,GOODYEAR,GOODYEAR FP VECTOR 4SEASONS GEN2 ROF,205/55RF16 91V,"['ALL SEASON', 'RUN FLAT']",120.80
www.dexel.co.uk,Attercliffe (Sheffield) Branch,BRIDGESTONE,BRIDGESTONE TURANZA T005 RFT *,205/55RF16 91W,"['SUMMER', 'RUN FLAT']",121.45
www.dexel.co.uk,Attercliffe (Sheffield) Branch,BRIDGESTONE,BRIDGESTONE TURANZA ER300A RFT *,205/55RF16 91W,"['SUMMER', 'RUN FLAT']",121.45
www.dexel.co.uk,Attercliffe (Sheffield) Branch,BRIDGESTONE,BRIDGESTONE TURANZA ER300-1 RFT *,205/55RF16 91W,"['SUMMER', 'RUN FLAT']",121.45
www.dexel.co.uk,Attercliffe (Sheffield) Branch,BRIDGESTONE,BRIDGESTONE BLIZZAK LM-001 *,205/55R16 91H,['WINTER'],121.66
www.dexel.co.uk,Attercliffe (Sheffield) Branch,CONTINENTAL,XL CONTINENTAL FR ULTRACONTACT NXT CRM,205/55R16 94W,"['SUMMER', 'EXTRA LOAD']",121.82
www.dexel.co.uk,Attercliffe (Sheffield) Branch,MICHELIN,XL MICHELIN CROSSCLIMATE 2,205/55R16 94V,"['ALL SEASON', 'EXTRA LOAD']",122.52
www.dexel.co.uk,Attercliffe (Sheffield) Branch,CONTINENTAL,CONTINENTAL WINTERCONTACT TS 870,205/55R16 91T,['WINTER'],122.53
www.dexel.co.uk,Attercliffe (Sheffield) Branch,YOKOHAMA,YOKOHAMA W.DRIVE V902A ZPS,205/55RF16 91H,"['WINTER', 'RUN FLAT']",122.67
www.dexel.co.uk,Attercliffe (Sheffield) Branch,CONTINENTAL,CONTINENTAL WINTERCONTACT TS 870,205/55R16 91H,['WINTER'],122.77
www.dexel.co.uk,Attercliffe (Sheffield) Branch,YOKOHAMA,YOKOHAMA ADVAN NEOVA AD08RS,205/55R16 91V,['SUMMER'],122.95
www.dexel.co.uk,Attercliffe (Sheffield) Branch,MICHELIN,MICHELIN PILOT EXALTO PE2 N0,205/55ZR16 91Y,['SUMMER'],123.57
www.dexel.co.uk,Attercliffe (Sheffield) Branch,MICHELIN,XL MICHELIN CROSSCLIMATE+,205/55R16 94V,"['ALL SEASON', 'EXTRA LOAD']",123.57
www.dexel.co.uk,Attercliffe (Sheffield) Branch,DUNLOP,XL DUNLOP SP WINTER SPORT5,205/55R16 94V,"['WINTER', 'EXTRA LOAD']",124.05
www.dexel.co.uk,Attercliffe (Sheffield) Branch,MICHELIN,XL MICHELIN E PRIMACY S1 TS,205/55R16 94V,"['SUMMER', 'EXTRA LOAD']",124.28
www.dexel.co.uk,Attercliffe (Sheffield) Branch,MICHELIN,XL MICHELIN CROSSCLIMATE 3,205/55R16 94V,"['ALL SEASON', 'EXTRA LOAD']",124.32
www.dexel.co.uk,Attercliffe (Sheffield) Branch,CONTINENTAL,CONTINENTAL CONTIPREMIUMCONTACT SSR * #,205/55RF16 91V,"['SUMMER', 'RUN FLAT']",124.81
www.dexel.co.uk,Attercliffe (Sheffield) Branch,CONTINENTAL,CONTINENTAL CONTIPREMIUMCONTACT SSR * #,205/55RF16 91V,"['SUMMER', 'RUN FLAT']",124.81
www.dexel.co.uk,Attercliffe (Sheffield) Branch,MICHELIN,MICHELIN PRIMACY 3 ZP,205/55RF16 91W,"['SUMMER', 'RUN FLAT']",125.04
www.dexel.co.uk,Attercliffe (Sheffield) Branch,MICHELIN,XL MICHELIN PRIMACY 5,205/55R16 94V,"['SUMMER', 'EXTRA LOAD']",125.47
www.dexel.co.uk,Attercliffe (Sheffield) Branch,MICHELIN,XL MICHELIN PRIMACY 4 VOL,205/55R16 94V,"['SUMMER', 'EXTRA LOAD']",125.88
www.dexel.co.uk,Attercliffe (Sheffield) Branch,CONTINENTAL,CONTINENTAL CONTI ECOCONTACT 6 SSR *,205/55RF16 91W,"['SUMMER', 'RUN FLAT']",126.24
www.dexel.co.uk,Attercliffe (Sheffield) Branch,CONTINENTAL,CONTINENTAL CONTI ECOCONTACT 6 SSR *,205/55RF16 91W,"['SUMMER', 'RUN FLAT']",126.24
www.dexel.co.uk,Attercliffe (Sheffield) Branch,HANKOOK,XL HANKOOK KINERGY 4S 2 H750B HRS,205/55ZRF16 94W,"['ALL SEASON', 'EXTRA LOAD', 'RUN FLAT']",127.62
www.dexel.co.uk,Attercliffe (Sheffield) Branch,MICHELIN,MICHELIN ALPIN 7,205/55R16 91H,['WINTER'],129.51
www.dexel.co.uk,Attercliffe (Sheffield) Branch,BRIDGESTONE,XL BRIDGESTONE BLIZZAK 6 ENLITEN,205/55R16 94H,"['WINTER', 'EXTRA LOAD']",129.79
www.dexel.co.uk,Attercliffe (Sheffield) Branch,MICHELIN,MICHELIN ALPIN 7,205/55R16 91T,['WINTER'],131.30
www.dexel.co.uk,Attercliffe (Sheffield) Branch,MICHELIN,XL MICHELIN PRIMACY 5,205/55R16 94H,"['SUMMER', 'EXTRA LOAD']",132.43
www.dexel.co.uk,Attercliffe (Sheffield) Branch,MICHELIN,MICHELIN ALPIN 5 N0,205/55R16 91H,['WINTER'],132.63
www.dexel.co.uk,Attercliffe (Sheffield) Branch,GOODYEAR,XL GOODYEAR ULTRAGRIP PERFORMANCE 3,205/55R16 94V,"['WINTER', 'EXTRA LOAD']",132.74
www.dexel.co.uk,Attercliffe (Sheffield) Branch,CONTINENTAL,XL CONTINENTAL WINTERCONTACT TS 870,205/55R16 94H,"['WINTER', 'EXTRA LOAD']",132.91
www.dexel.co.uk,Attercliffe (Sheffield) Branch,BRIDGESTONE,BRIDGESTONE BLIZZAK LM-001 RFT *,205/55RF16 91H,"['WINTER', 'RUN FLAT']",135.43
www.dexel.co.uk,Attercliffe (Sheffield) Branch,CONTINENTAL,CONTINENTAL CONTIWINTERCONTACT TS 860 S SSR,205/55RF16 91H,"['WINTER', 'RUN FLAT']",139.09
www.dexel.co.uk,Attercliffe (Sheffield) Branch,MICHELIN,XL MICHELIN ALPIN 7,205/55R16 94H,"['WINTER', 'EXTRA LOAD']",145.10
www.dexel.co.uk,Attercliffe (Sheffield) Branch,BRIDGESTONE,XL BRIDGESTONE BLIZZAK 6 ENLITEN,205/55R16 94V,"['WINTER', 'EXTRA LOAD']",148.66
www.dexel.co.uk,Attercliffe (Sheffield) Branch,PIRELLI,PIRELLI P ZERO ROSSO ASIMMETRICO N5,205/55ZR16 (91Y),['SUMMER'],152.41
www.dexel.co.uk,Attercliffe (Sheffield) Branch,CONTINENTAL,XL CONTINENTAL WINTERCONTACT TS 870,205/55R16 94V,"['WINTER', 'EXTRA LOAD']",152.49
www.dexel.co.uk,Attercliffe (Sheffield) Branch,YOKOHAMA,YOKOHAMA A008P N0,205/55ZR16 91W,['SUMMER'],167.22
www.dexel.co.uk,Attercliffe (Sheffield) Branch,BUDGET,BUDGET ECONOMY,225/50R16 92W,['SUMMER'],61.21
www.dexel.co.uk,Attercliffe (Sheffield) Branch,BUDGET,BUDGET ECONOMY,225/50R16 92V,['SUMMER'],71.28
www.dexel.co.uk,Attercliffe (Sheffield) Branch,UNIROYAL,UNIROYAL RAINSPORT 5,225/50R16 92Y,['SUMMER'],122.67
www.dexel.co.uk,Attercliffe (Sheffield) Branch,UNIROYAL,UNIROYAL RAINSPORT 5,225/50R16 92Y,['SUMMER'],122.67
www.dexel.co.uk,Attercliffe (Sheffield) Branch,YOKOHAMA,YOKOHAMA ADVAN SPORT V105 MO,225/50R16 92V,['SUMMER'],133.99
www.dexel.co.uk,Attercliffe (Sheffield) Branch,YOKOHAMA,YOKOHAMA ADVAN SPORT V105 MO,225/50R16 92W,['SUMMER'],135.67
www.dexel.co.uk,Attercliffe (Sheffield) Branch,YOKOHAMA,YOKOHAMA BLUEARTH-A AE50,225/50R16 92W,['SUMMER'],135.67
www.dexel.co.uk,Attercliffe (Sheffield) Branch,YOKOHAMA,YOKOHAMA ADVAN SPORT V103S ZPS,225/50RF16 92W,"['SUMMER', 'RUN FLAT']",141.42
www.dexel.co.uk,Attercliffe (Sheffield) Branch,YOKOHAMA,YOKOHAMA A008P N0,225/50ZR16 92W,['SUMMER'],143.18
www.dexel.co.uk,Attercliffe (Sheffield) Branch,GOODYEAR,GOODYEAR FP EFFICIENTGRIP PERFORMANCE 2,225/50R16 92Y,['SUMMER'],145.81
www.dexel.co.uk,Attercliffe (Sheffield) Branch,CONTINENTAL,CONTINENTAL FR ULTRACONTACT,225/50R16 92W,['SUMMER'],160.16
www.dexel.co.uk,Attercliffe (Sheffield) Branch,CONTINENTAL,CONTINENTAL FR CONTIPREMIUMCONTACT 6,225/50R16 92Y,['SUMMER'],160.16
www.dexel.co.uk,Attercliffe (Sheffield) Branch,YOKOHAMA,YOKOHAMA ADVAN NEOVA AD08RS,225/50R16 92V,['SUMMER'],163.75
www.dexel.co.uk,Attercliffe (Sheffield) Branch,MICHELIN,MICHELIN PILOT SPORT 4,225/50ZR16 (92Y),['SUMMER'],169.59
www.dexel.co.uk,Attercliffe (Sheffield) Branch,MICHELIN,MICHELIN PRIMACY 4 +,225/50R16 92W,['SUMMER'],172.03
www.dexel.co.uk,Attercliffe (Sheffield) Branch,MICHELIN,MICHELIN PILOT EXALTO PE2 N0,225/50ZR16 92Y,['SUMMER'],175.84
www.dexel.co.uk,Attercliffe (Sheffield) Branch,BRIDGESTONE,BRIDGESTONE POTENZA RE050 I RFT *,225/50RF16 92W,"['SUMMER', 'RUN FLAT']",185.22
www.dexel.co.uk,Attercliffe (Sheffield) Branch,MICHELIN,MICHELIN CROSSCLIMATE 2,225/50R16 92Y,['ALL SEASON'],188.37
www.dexel.co.uk,Attercliffe (Sheffield) Branch,PIRELLI,PIRELLI P ZERO ROSSO ASIMMETRICO N5,225/50ZR16 (92Y),['SUMMER'],191.68
www.dexel.co.uk,Attercliffe (Sheffield) Branch,MICHELIN,XL MICHELIN ALPIN 5 N0,225/50R16 96H,"['WINTER', 'EXTRA LOAD']",206.18
www.dexel.co.uk,Attercliffe (Sheffield) Branch,CONTINENTAL,CONTINENTAL CONTIWINTERCONTACT TS 830 P,225/50R16 92H,['WINTER'],219.10
www.national.co.uk,N/A,Avon Tyres,ZV7,205/55 R16 91V,Summer,72.99
www.national.co.uk,N/A,Goodyear Tyres,EfficientGrip Performance 2,205/55 R16 91V,Summer,92.99
www.national.co.uk,N/A,Bridgestone Tyres,Turanza 6,205/55 R16 91V,Summer,98.99
www.national.co.uk,N/A,Autogreen Tyres,Smart Chaser SC1,205/55 R16 91V,Summer,48.99
www.national.co.uk,N/A,Autogreen Tyres,Super Sport Chaser SSC5,205/55 R16 94W,Summer,51.99
www.national.co.uk,N/A,Autogreen Tyres,All Season AS2,205/55 R16 94V,All Season,56.99
www.national.co.uk,N/A,Autogreen Tyres,Sport Chaser SC2,205/55 R16 91W,Summer,63.99
www.national.co.uk,N/A,Autogreen Tyres,Super Sport Chaser SSC5,205/55 R16 91V,Summer,68.99
www.national.co.uk,N/A,Autogreen Tyres,All Season AS2,205/55 R16 91V,All Season,72.99
www.national.co.uk,N/A,Sailun Tyres,Atrezzo Elite,205/55 R16 91H,Summer,62.99
www.national.co.uk,N/A,Sailun Tyres,Atrezzo Elite,205/55 R16 91V,Summer,64.99
www.national.co.uk,N/A,Sailun Tyres,Atrezzo Elite,205/55 R16 91V,Summer,64.99
www.national.co.uk,N/A,Sailun Tyres,Atrezzo Elite 2,205/55 R16 91V,Summer,64.99
www.national.co.uk,N/A,Nankang Tyres,Nankang Eco-2+,205/55 R16 91V,Summer,68.99
www.national.co.uk,N/A,Avon Tyres,ZV7,205/55 R16 91V,Summer,72.99
www.national.co.uk,N/A,Nankang Tyres,Nankang AS-2+,205/55 R16 94V,Summer,72.99
www.national.co.uk,N/A,Nankang Tyres,Nankang NA-1,205/55 R16 94V,Summer,73.99
www.national.co.uk,N/A,Avon Tyres,ZV7,205/55 R16 91W,Summer,74.99
www.national.co.uk,N/A,Nankang Tyres,Nankang AS-2+,205/55 R16 94W,Summer,76.99
www.national.co.uk,N/A,Avon Tyres,AS7,205/55 R16 91V,All Season,83.99
www.national.co.uk,N/A,Sailun Tyres,Atrezzo Elite,205/55 R16 91W,Summer,85.99
www.national.co.uk,N/A,Sailun Tyres,Atrezzo Elite,205/55 R16 91W,Summer,85.99
www.national.co.uk,N/A,Hankook Tyres,Ventus Prime 4 K135,205/55 R16 91V,Summer,86.99
www.national.co.uk,N/A,Avon Tyres,ZV7,205/55 R16 94W,Summer,87.99
www.national.co.uk,N/A,Sailun Tyres,ATREZZO ZSR 2,205/55 R16 91Y,Summer,87.99
www.national.co.uk,N/A,Avon Tyres,ZV7,205/55 R16 94V,Summer,88.99
www.national.co.uk,N/A,Hankook Tyres,Kinergy Eco 2 K435,205/55 R16 91H,Summer,92.99
www.national.co.uk,N/A,Hankook Tyres,Ventus Prime 4 K135,205/55 R16 91H,Summer,92.99
www.national.co.uk,N/A,Hankook Tyres,Ventus Prime 4 K135,205/55 R16 91H,Summer,92.99
www.national.co.uk,N/A,Hankook Tyres,Kinergy 435 Eco2,205/55 R16 91H,Summer,92.99
www.national.co.uk,N/A,Hankook Tyres,Ventus Prime 4 K135,205/55 R16 91W,Summer,95.99
www.national.co.uk,N/A,Avon Tyres,WX7 Winter,205/55 R16 91H,Winter,95.99
www.national.co.uk,N/A,Sailun Tyres,Atrezzo ZSR,205/55 R16 91W,Summer,95.99
www.national.co.uk,N/A,Avon Tyres,AS7,205/55 R16 94V,All Season,96.99
www.national.co.uk,N/A,Sailun Tyres,Atrezzo 4 Seasons,205/55 R16 94V,All Season,96.99
www.national.co.uk,N/A,Hankook Tyres,iON i*cept RS3,205/55 R16 91H,Winter,98.99
www.national.co.uk,N/A,Hankook Tyres,Kinergy 4S2 H750,205/55 R16 94H,All Season,99.99
www.national.co.uk,N/A,Avon Tyres,WX7 Winter,205/55 R16 94V,Winter,100.99
www.national.co.uk,N/A,Hankook Tyres,Kinergy 4S2 H750,205/55 R16 94V,All Season,103.99
www.national.co.uk,N/A,Hankook Tyres,Kinergy 4S2 H750,205/55 R16 94V,All Season,103.99
www.national.co.uk,N/A,Hankook Tyres,Kinergy 4S2 H750,205/55 R16 94H,All Season,106.99
www.national.co.uk,N/A,Hankook Tyres,Ventus Prime 4 K135,205/55 R16 94W,Summer,106.99
www.national.co.uk,N/A,Hankook Tyres,iON i*cept RS3,205/55 R16 94H,Winter,106.99
www.national.co.uk,N/A,Hankook Tyres,Ventus Prime 3 K125,205/55 R16 94H,Summer,109.99
www.national.co.uk,N/A,Hankook Tyres,Ventus Prime 3 K125,205/55 R16 91W,Summer,115.99
www.national.co.uk,N/A,Nankang Tyres,Nankang NS-2R,205/55 R16 94W,Summer,147.99
www.national.co.uk,N/A,Hankook Tyres,Ventus Prime 4 K135,205/55 R16 94V,Summer,150.99
www.national.co.uk,N/A,Hankook Tyres,Kinergy 4S2 H750,205/55 R16 94W,All Season,153.99
www.national.co.uk,N/A,Hankook Tyres,Ventus Prime 3 K125,205/55 R16 94W,Summer,157.99
www.national.co.uk,N/A,Hankook Tyres,Hankook iON ST AS,205/55 R16 94V,Summer,164.99
www.national.co.uk,N/A,Dunlop Tyres,SP Sport BluResponse,205/55 R16 91V,Summer,81.99
www.national.co.uk,N/A,Dunlop Tyres,SP Sport BluResponse,205/55 R16 91W,Summer,84.99
www.national.co.uk,N/A,Dunlop Tyres,SP Sport BluResponse,205/55 R16 91V,Summer,89.99
www.national.co.uk,N/A,Dunlop Tyres,SP Sport BluResponse,205/55 R16 94V,Summer,92.99
www.national.co.uk,N/A,Goodyear Tyres,EfficientGrip Performance,205/55 R16 91V,Summer,94.99
www.national.co.uk,N/A,Goodyear Tyres,EfficientGrip Performance,205/55 R16 91V,Summer,94.99
www.national.co.uk,N/A,Pirelli Tyres,Cinturato All Season SF 2,205/55 R16 94V,All Season,94.99
www.national.co.uk,N/A,Pirelli Tyres,Cinturato P7,205/55 R16 91V,Summer,95.99
www.national.co.uk,N/A,Goodyear Tyres,EfficientGrip Performance,205/55 R16 91V,Summer,95.99
www.national.co.uk,N/A,Goodyear Tyres,Vector 4Seasons Gen 3,205/55 R16 91V,All Season,95.99
www.national.co.uk,N/A,Dunlop Tyres,SP Sport BluResponse,205/55 R16 91V,Summer,95.99
www.national.co.uk,N/A,Goodyear Tyres,EfficientGrip Performance 2,205/55 R16 91Y,Summer,96.99
www.national.co.uk,N/A,Goodyear Tyres,EfficientGrip Performance 2,205/55 R16 91H,Summer,97.99
www.national.co.uk,N/A,Goodyear Tyres,EfficientGrip Performance 2,205/55 R16 91W,Summer,97.99
www.national.co.uk,N/A,Dunlop Tyres,SP Sport BluResponse,205/55 R16 91H,Summer,97.99
www.national.co.uk,N/A,Goodyear Tyres,EfficientGrip Performance,205/55 R16 91H,Summer,97.99
www.national.co.uk,N/A,Goodyear Tyres,EfficientGrip Performance,205/55 R16 91H,Summer,98.99
www.national.co.uk,N/A,Bridgestone Tyres,Turanza 6,205/55 R16 91H,Summer,99.99
www.national.co.uk,N/A,Bridgestone Tyres,Turanza Eco,205/55 R16 91H,Summer,100.99
www.national.co.uk,N/A,Bridgestone Tyres,Turanza 6,205/55 R16 91W,Summer,100.99
www.national.co.uk,N/A,Goodyear Tyres,EfficientGrip Performance,205/55 R16 91W,Summer,101.99
www.national.co.uk,N/A,Goodyear Tyres,Vector 4Seasons Gen 3,205/55 R16 94V,All Season,102.99
www.national.co.uk,N/A,Continental Tyres,ContiEcoContact 6,205/55 R16 91H,Summer,102.99
www.national.co.uk,N/A,Continental Tyres,ContiEcoContact 5,205/55 R16 91H,Summer,102.99
www.national.co.uk,N/A,Continental Tyres,ContiEcoContact 5,205/55 R16 91W,Summer,102.99
www.national.co.uk,N/A,Continental Tyres,ContiEcoContact 6,205/55 R16 91V,Summer,102.99
www.national.co.uk,N/A,Michelin Tyres,Primacy 4+,205/55 R16 91V,Summer,102.99
www.national.co.uk,N/A,Michelin Tyres,Primacy 4,205/55 R16 91H,Summer,103.99
www.national.co.uk,N/A,Michelin Tyres,ePrimacy,205/55 R16 91V,Summer,103.99
www.national.co.uk,N/A,Continental Tyres,ContiEcoContact 5,205/55 R16 91V,Summer,103.99
www.national.co.uk,N/A,Continental Tyres,ContiEcoContact 5,205/55 R16 91H,Summer,103.99
www.national.co.uk,N/A,Continental Tyres,ContiSportContact 2,205/55 R16 91V,Summer,103.99
www.national.co.uk,N/A,Bridgestone Tyres,Turanza T005,205/55 R16 91W,Summer,103.99
www.national.co.uk,N/A,Goodyear Tyres,Vector 4Seasons Gen-2,205/55 R16 94V,All Season,103.99
www.national.co.uk,N/A,Goodyear Tyres,Vector 4Seasons Gen 3,205/55 R16 94V,All Season,103.99
www.national.co.uk,N/A,Dunlop Tyres,All Season 2,205/55 R16 91V,All Season,104.99
www.national.co.uk,N/A,Continental Tyres,UltraContact,205/55 R16 91W,Summer,104.99
www.national.co.uk,N/A,Goodyear Tyres,EfficientGrip Performance,205/55 R16 91V,Summer,105.99
www.national.co.uk,N/A,Goodyear Tyres,EfficientGrip Performance 2,205/55 R16 94V,Summer,105.99
www.national.co.uk,N/A,Goodyear Tyres,Vector 4Seasons,205/55 R16 94V,All Season,105.99
www.national.co.uk,N/A,Bridgestone Tyres,Turanza ER300,205/55 R16 91V,Summer,105.99
www.national.co.uk,N/A,Continental Tyres,PremiumContact 7,205/55 R16 91H,Summer,105.99
www.national.co.uk,N/A,Continental Tyres,ContiEcoContact 6,205/55 R16 91V,Summer,105.99
www.national.co.uk,N/A,Continental Tyres,PremiumContact 7,205/55 R16 91V,Summer,106.99
www.national.co.uk,N/A,Continental Tyres,All Season Contact 2,205/55 R16 91H,All Season,106.99
www.national.co.uk,N/A,Continental Tyres,ContiPremiumContact 2,205/55 R16 91V,Summer,106.99
www.national.co.uk,N/A,Continental Tyres,ContiEcoContact 6,205/55 R16 91W,Summer,106.99
www.national.co.uk,N/A,Bridgestone Tyres,Turanza ER300A,205/55 R16 91W,Summer,106.99
www.national.co.uk,N/A,Goodyear Tyres,Vector 4Seasons Gen-2,205/55 R16 94H,All Season,106.99
www.national.co.uk,N/A,Goodyear Tyres,EfficientGrip Performance 2,205/55 R16 94W,Summer,106.99
www.national.co.uk,N/A,Continental Tyres,UltraContact,205/55 R16 91H,Summer,106.99
www.national.co.uk,N/A,Dunlop Tyres,All Season 2,205/55 R16 94V,All Season,107.99
www.national.co.uk,N/A,Dunlop Tyres,Sport Maxx TT,205/55 R16 91W,Summer,107.99
www.national.co.uk,N/A,Bridgestone Tyres,Turanza T005,205/55 R16 91V,Summer,107.99
www.national.co.uk,N/A,Bridgestone Tyres,Ecopia EP150,205/55 R16 91V,Summer,107.99
www.national.co.uk,N/A,Michelin Tyres,CrossClimate +,205/55 R16 94V,All Season,107.99
www.national.co.uk,N/A,Michelin Tyres,CrossClimate 2,205/55 R16 94V,All Season,108.99
www.national.co.uk,N/A,Michelin Tyres,ePrimacy,205/55 R16 91H,Summer,108.99
www.national.co.uk,N/A,Bridgestone Tyres,Turanza T005EV,205/55 R16 91V,Summer,108.99
www.national.co.uk,N/A,Dunlop Tyres,Sport Maxx TT,205/55 R16 91W,Summer,108.99
www.national.co.uk,N/A,Pirelli Tyres,Cinturato P7,205/55 R16 91W,Summer,109.99
www.national.co.uk,N/A,Continental Tyres,UltraContact,205/55 R16 91V,Summer,110.99
www.national.co.uk,N/A,Dunlop Tyres,Sport Maxx RT,205/55 R16 91W,Summer,110.99
www.national.co.uk,N/A,Continental Tyres,All Season Contact 2,205/55 R16 94H,All Season,110.99
www.national.co.uk,N/A,Goodyear Tyres,EfficientGrip,205/55 R16 91W,Summer,110.99
www.national.co.uk,N/A,Continental Tyres,ContiEcoContact 6,205/55 R16 91W,Summer,110.99
www.national.co.uk,N/A,Continental Tyres,ContiEcoContact 6,205/55 R16 94V,Summer,110.99
www.national.co.uk,N/A,Continental Tyres,ContiPremiumContact 5,205/55 R16 91W,Summer,111.99
www.national.co.uk,N/A,Dunlop Tyres,Winter Sport 5,205/55 R16 91H,Winter,111.99
www.national.co.uk,N/A,Continental Tyres,ContiEcoContact 5,205/55 R16 91H,Summer,112.99
www.national.co.uk,N/A,Bridgestone Tyres,Weather Control A005 EVO,205/55 R16 91H,All Season,112.99
www.national.co.uk,N/A,Michelin Tyres,CrossClimate +,205/55 R16 94V,All Season,112.99
www.national.co.uk,N/A,Michelin Tyres,CrossClimate 3,205/55 R16 91H,All Season,112.99
www.national.co.uk,N/A,Bridgestone Tyres,Turanza T005,205/55 R16 91W,Summer,113.99
www.national.co.uk,N/A,Continental Tyres,All Season Contact 2,205/55 R16 94V,All Season,113.99
www.national.co.uk,N/A,Continental Tyres,UltraContact,205/55 R16 94V,Summer,113.99
www.national.co.uk,N/A,Goodyear Tyres,Vector 4Seasons Gen 3,205/55 R16 94V,All Season,113.99
www.national.co.uk,N/A,Goodyear Tyres,UltraGrip Performance 3,205/55 R16 91H,Winter,114.99
www.national.co.uk,N/A,Goodyear Tyres,UltraGrip Performance 3,205/55 R16 91T,Winter,114.99
www.national.co.uk,N/A,Continental Tyres,ContiEcoContact 6,205/55 R16 94H,Summer,114.99
www.national.co.uk,N/A,Bridgestone Tyres,Turanza T005,205/55 R16 91W,Summer,114.99
www.national.co.uk,N/A,Michelin Tyres,CrossClimate 3,205/55 R16 91V,All Season,114.99
www.national.co.uk,N/A,Michelin Tyres,Energy Saver +,205/55 R16 91V,Summer,114.99
www.national.co.uk,N/A,Pirelli Tyres,Cinturato P7 P7C2,205/55 R16 91V,Summer,115.99
www.national.co.uk,N/A,Michelin Tyres,ePrimacy,205/55 R16 91W,Summer,115.99
www.national.co.uk,N/A,Bridgestone Tyres,Turanza 6,205/55 R16 94V,Summer,115.99
www.national.co.uk,N/A,Bridgestone Tyres,Turanza T005,205/55 R16 91V,Summer,116.99
www.national.co.uk,N/A,Dunlop Tyres,Sport Maxx RT,205/55 R16 91Y,Summer,117.99
www.national.co.uk,N/A,Michelin Tyres,Primacy 3,205/55 R16 91V,Summer,117.99
www.national.co.uk,N/A,Pirelli Tyres,Cinturato All Season SF3,205/55 R16 94V,All Season,117.99
www.national.co.uk,N/A,Michelin Tyres,Michelin Primacy 5,205/55 R16 91H,Summer,117.99
www.national.co.uk,N/A,Bridgestone Tyres,Turanza T005,205/55 R16 91V,Summer,118.99
www.national.co.uk,N/A,Continental Tyres,AllSeasonContact,205/55 R16 91V,All Season,118.99
www.national.co.uk,N/A,Pirelli Tyres,Cinturato P7,205/55 R16 91W,Summer,118.99
www.national.co.uk,N/A,Continental Tyres,ContiEcoContact 5 SEAL,205/55 R16 94H,Summer,119.99
www.national.co.uk,N/A,Bridgestone Tyres,Weather Control A005 EVO,205/55 R16 94V,All Season,119.99
www.national.co.uk,N/A,Continental Tyres,All Season Contact 2,205/55 R16 94V,All Season,119.99
www.national.co.uk,N/A,Michelin Tyres,Energy Saver,205/55 R16 91H,Summer,119.99
www.national.co.uk,N/A,Michelin Tyres,ePrimacy,205/55 R16 94H,Summer,119.99
www.national.co.uk,N/A,Michelin Tyres,Michelin ePrimacy S1,205/55 R16 94V,Summer,119.99
www.national.co.uk,N/A,Michelin Tyres,CrossClimate 2,205/55 R16 91H,All Season,119.99
www.national.co.uk,N/A,Michelin Tyres,Primacy 4+,205/55 R16 91W,Summer,120.99
www.national.co.uk,N/A,Continental Tyres,All Season Contact 2,205/55 R16 91V,All Season,120.99
www.national.co.uk,N/A,Bridgestone Tyres,Turanza T005,205/55 R16 94V,Summer,121.99
www.national.co.uk,N/A,Continental Tyres,ContiEcoContact 6,205/55 R16 94V,Summer,122.99
www.national.co.uk,N/A,Dunlop Tyres,Winter Sport 5,205/55 R16 91T,Winter,122.99
www.national.co.uk,N/A,Goodyear Tyres,Vector 4Seasons Gen-2,205/55 R16 91V,All Season,122.99
www.national.co.uk,N/A,Michelin Tyres,CrossClimate 2,205/55 R16 91V,All Season,122.99
www.national.co.uk,N/A,Michelin Tyres,Michelin Primacy 5,205/55 R16 91W,Summer,123.99
www.national.co.uk,N/A,Continental Tyres,ContiEcoContact 5,205/55 R16 91V,Summer,123.99
www.national.co.uk,N/A,Bridgestone Tyres,Blizzak LM001,205/55 R16 91H,Winter,123.99
www.national.co.uk,N/A,Bridgestone Tyres,Turanza T005 DriveGuard,205/55 R16 94W,Summer,123.99
www.national.co.uk,N/A,Bridgestone Tyres,Turanza T005,205/55 R16 91H,Summer,123.99
www.national.co.uk,N/A,Continental Tyres,eContact,205/55 R16 91R,Summer,124.99
www.national.co.uk,N/A,Goodyear Tyres,UltraGrip Performance 3,205/55 R16 94H,Winter,124.99
www.national.co.uk,N/A,Dunlop Tyres,SP Winter Sport 4D,205/55 R16 91H,Winter,124.99
www.national.co.uk,N/A,Continental Tyres,ContiEcoContact 6,205/55 R16 91W,Summer,124.99
www.national.co.uk,N/A,Michelin Tyres,Primacy 4 S1,205/55 R16 91H,Summer,124.99
www.national.co.uk,N/A,Michelin Tyres,CrossClimate 2,205/55 R16 91W,All Season,124.99
www.national.co.uk,N/A,Michelin Tyres,Primacy 3,205/55 R16 91W,All Season,124.99
www.national.co.uk,N/A,Pirelli Tyres,Cinturato All Season Plus,205/55 R16 91V,All Season,125.99
www.national.co.uk,N/A,Bridgestone Tyres,Turanza 6 All Season,205/55 R16 94V,All Season,125.99
www.national.co.uk,N/A,Bridgestone Tyres,Turanza T001,205/55 R16 91V,Summer,125.99
www.national.co.uk,N/A,Bridgestone Tyres,Weather Control A005 Driveguard EVO,205/55 R16 94V,All Season,126.99
www.national.co.uk,N/A,Continental Tyres,AllSeasonContact,205/55 R16 94H,All Season,127.99
www.national.co.uk,N/A,Michelin Tyres,Primacy 4,205/55 R16 91W,Summer,127.99
www.national.co.uk,N/A,Continental Tyres,WinterContact TS870,205/55 R16 91H,Winter,128.99
www.national.co.uk,N/A,Dunlop Tyres,Sport Maxx RT,205/55 R16 91W,Summer,128.99
www.national.co.uk,N/A,Continental Tyres,WinterContact TS870,205/55 R16 91T,Winter,129.99
www.national.co.uk,N/A,Michelin Tyres,Michelin Primacy 5,205/55 R16 94V,Summer,129.99
www.national.co.uk,N/A,Goodyear Tyres,UltraGrip Performance,205/55 R16 91H,Winter,131.99
www.national.co.uk,N/A,Bridgestone Tyres,Turanza T005,205/55 R16 91W,Summer,131.99
www.national.co.uk,N/A,Bridgestone Tyres,Turanza ER300A,205/55 R16 91W,Summer,132.99
www.national.co.uk,N/A,Bridgestone Tyres,Turanza ER300,205/55 R16 91W,Summer,132.99
www.national.co.uk,N/A,Continental Tyres,ContiPremiumContact,205/55 R16 91V,Summer,132.99
www.national.co.uk,N/A,Continental Tyres,ContiWinterContact TS 830 P,205/55 R16 91H,Winter,132.99
www.national.co.uk,N/A,Michelin Tyres,Pilot Exalto PE2,205/55 R16 91Y,Summer,132.99
www.national.co.uk,N/A,Michelin Tyres,Primacy 3,205/55 R16 91W,Summer,132.99
www.national.co.uk,N/A,Michelin Tyres,Pilot Sport 4,205/55 R16 94Y,Summer,133.99
www.national.co.uk,N/A,Pirelli Tyres,Cinturato All Season SF 2,205/55 R16 94V,All Season,134.99
www.national.co.uk,N/A,Continental Tyres,ContiWinterContact TS 830 P,205/55 R16 91H,Winter,134.99
www.national.co.uk,N/A,Continental Tyres,WinterContact TS 860 S,205/55 R16 91H,Winter,135.99
www.national.co.uk,N/A,Michelin Tyres,Primacy 3,205/55 R16 91H,Summer,135.99
www.national.co.uk,N/A,Michelin Tyres,Primacy 4+,205/55 R16 94H,Summer,135.99
www.national.co.uk,N/A,Bridgestone Tyres,Turanza ER300,205/55 R16 91H,Summer,136.99
www.national.co.uk,N/A,Continental Tyres,Ultra Contact NXT,205/55 R16 94W,Summer,137.99
www.national.co.uk,N/A,Michelin Tyres,Energy Saver +,205/55 R16 94H,Summer,137.99
www.national.co.uk,N/A,Michelin Tyres,Michelin Alpin 7,205/55 R16 91T,Winter,138.99
www.national.co.uk,N/A,Continental Tyres,ContiEcoContact 6,205/55 R16 91W,Summer,138.99
www.national.co.uk,N/A,Bridgestone Tyres,Turanza T005,205/55 R16 94V,Summer,139.99
www.national.co.uk,N/A,Michelin Tyres,Michelin Alpin 7,205/55 R16 91H,Winter,140.99
www.national.co.uk,N/A,Michelin Tyres,Primacy 4+,205/55 R16 91H,Summer,141.99
www.national.co.uk,N/A,Michelin Tyres,Primacy 4,205/55 R16 94H,Summer,142.99
www.national.co.uk,N/A,Michelin Tyres,Alpin 5,205/55 R16 91H,Winter,142.99
www.national.co.uk,N/A,Michelin Tyres,Pilot Sport 4,205/55 R16 91W,Summer,142.99
www.national.co.uk,N/A,Goodyear Tyres,UltraGrip Performance 2,205/55 R16 91H,Winter,142.99
www.national.co.uk,N/A,Continental Tyres,WinterContact TS870,205/55 R16 94H,Winter,144.99
www.national.co.uk,N/A,Bridgestone Tyres,Ecopia EP150,205/55 R16 91V,Summer,146.99
www.national.co.uk,N/A,Michelin Tyres,Primacy 4,205/55 R16 94V,Summer,146.99
www.national.co.uk,N/A,Bridgestone Tyres,Turanza T005,205/55 R16 94W,Summer,147.99
www.national.co.uk,N/A,Pirelli Tyres,Cinturato C3,205/55 R16 94V,Summer,149.99
www.national.co.uk,N/A,Dunlop Tyres,SP Winter Sport 3D,205/55 R16 91H,Winter,151.99
www.national.co.uk,N/A,Michelin Tyres,Michelin Alpin 7,205/55 R16 94H,Winter,153.99
www.national.co.uk,N/A,Dunlop Tyres,Winter Sport 5,205/55 R16 94H,Winter,154.99
www.national.co.uk,N/A,Bridgestone Tyres,Blizzak 6,205/55 R16 91H,Winter,155.99
www.national.co.uk,N/A,Bridgestone Tyres,Blizzak LM001,205/55 R16 91H,Winter,156.99
www.national.co.uk,N/A,Dunlop Tyres,Winter Sport 5,205/55 R16 94V,Winter,160.99
www.national.co.uk,N/A,Goodyear Tyres,UltraGrip Performance 3,205/55 R16 94V,Winter,164.99
www.national.co.uk,N/A,Pirelli Tyres,Winter Sottozero 3,205/55 R16 91H,Winter,164.99
www.national.co.uk,N/A,Goodyear Tyres,UltraGrip 7 +,205/55 R16 91H,Winter,166.99
www.national.co.uk,N/A,Continental Tyres,WinterContact TS870,205/55 R16 94V,Winter,166.99
www.national.co.uk,N/A,Michelin Tyres,Primacy 4+,205/55 R16 94V,Summer,169.99
www.national.co.uk,N/A,Bridgestone Tyres,Blizzak 6,205/55 R16 94H,Winter,170.99
www.national.co.uk,N/A,Dunlop Tyres,Sport,205/55 R16 91V,All Season,171.99
www.national.co.uk,N/A,Pirelli Tyres,P Zero Rosso,205/55 R16 91Y,Summer,172.99
www.national.co.uk,N/A,Pirelli Tyres,Powergy Winter,205/55 R16 91H,Summer,176.99
www.national.co.uk,N/A,Pirelli Tyres,Cinturato Winter 2,205/55 R16 91H,Winter,183.99
www.national.co.uk,N/A,Pirelli Tyres,Cinturato Winter 2,205/55 R16 94H,Winter,183.99
www.national.co.uk,N/A,Michelin Tyres,Alpin 5,205/55 R16 91H,Winter,189.99
www.national.co.uk,N/A,Bridgestone Tyres,Blizzak 6,205/55 R16 94V,Winter,193.99
www.national.co.uk,N/A,Continental Tyres,WinterContact TS 860,205/55 R16 94V,Winter,196.99
www.national.co.uk,N/A,Pirelli Tyres,Cinturato Winter 2,205/55 R16 91H,Winter,203.99
www.national.co.uk,N/A,Pirelli Tyres,Cinturato Winter 3,205/55 R16 94H,Winter,209.99
www.national.co.uk,N/A,Pirelli Tyres,Winter Sottozero 3,205/55 R16 91H,Winter,235.99
www.national.co.uk,N/A,Avon Tyres,ZV7,225/50 R16 92W,Summer,132.99
www.national.co.uk,N/A,Goodyear Tyres,EfficientGrip Performance 2,225/50 R16 92Y,Summer,154.99
www.national.co.uk,N/A,Nankang Tyres,Nankang NS-20,225/50 R16 96V,Summer,108.99
www.national.co.uk,N/A,Hankook Tyres,Ventus Prime 3 K125,225/50 R16 92W,Summer,159.99
www.national.co.uk,N/A,Continental Tyres,PremiumContact 6,225/50 R16 92Y,Summer,156.99
www.national.co.uk,N/A,Continental Tyres,UltraContact,225/50 R16 92W,Summer,166.99
www.national.co.uk,N/A,Continental Tyres,ContiPremiumContact 2,225/50 R16 92W,Summer,174.99
www.national.co.uk,N/A,Michelin Tyres,CrossClimate 2,225/50 R16 92Y,All Season,196.99
www.national.co.uk,N/A,Michelin Tyres,Pilot Exalto PE2,225/50 R16 92Y,Summer,202.99
www.national.co.uk,N/A,Michelin Tyres,Pilot Sport 4,225/50 R16 92Y,Summer,209.99
www.national.co.uk,N/A,Michelin Tyres,Primacy 4+,225/50 R16 92W,Summer,209.99
www.national.co.uk,N/A,Pirelli Tyres,P Zero Rosso,225/50 R16 92Y,Summer,212.99
www.national.co.uk,N/A,Bridgestone Tyres,Potenza RE050,225/50 R16 92W,Summer,221.99
www.national.co.uk,N/A,Michelin Tyres,Alpin 5,225/50 R16 96H,Winter,249.99
www.national.co.uk,N/A,Continental Tyres,ContiWinterContact TS 830 P,225/50 R16 92H,Winter,264.99
www.national.co.uk,N/A,Michelin Tyres,Michelin Pilot Sport,225/50 R16 92Y,Summer,402.99
